{
  "type": "FeatureCollection",
  "features": [
    {
      "type": "Feature",
      "geometry": {
        "type": "LineString",
        "coordinates": [
          [
            15.989238,
            45.704627
          ],
          [
            15.988425,
            45.704364
          ],
          [
            15.988152,
            45.704291
          ],
          [
            15.987885,
            45.704069
          ],
          [
            15.987717,
            45.703813
          ],
          [
            15.987507,
            45.703044
          ],
          [
            15.986887,
            45.701794
          ],
          [
            15.986166,
            45.700518
          ],
          [
            15.984573,
            45.697262
          ],
          [
            15.984573,
            45.697262
          ],
          [
            15.984052,
            45.695985
          ],
          [
            15.98313,
            45.693932
          ],
          [
            15.98185,
            45.691151
          ],
          [
            15.98106,
            45.689503
          ],
          [
            15.98076,
            45.688383
          ],
          [
            15.980223,
            45.686362
          ],
          [
            15.979728,
            45.684302
          ],
          [
            15.979791,
            45.681185
          ],
          [
            15.979886,
            45.677992
          ],
          [
            15.979949,
            45.676932
          ],
          [
            15.978534,
            45.672684
          ],
          [
            15.977213,
            45.67094
          ],
          [
            15.975939,
            45.669327
          ],
          [
            15.975359,
            45.668577
          ],
          [
            15.975105,
            45.667794
          ],
          [
            15.974888,
            45.665047
          ],
          [
            15.974656,
            45.662743
          ],
          [
            15.97423,
            45.660596
          ],
          [
            15.973954,
            45.659194
          ],
          [
            15.973927,
            45.658056
          ],
          [
            15.973716,
            45.657326
          ],
          [
            15.973716,
            45.657326
          ],
          [
            15.973689,
            45.657096
          ],
          [
            15.972737,
            45.656489
          ],
          [
            15.97231,
            45.656308
          ],
          [
            15.97185,
            45.655872
          ],
          [
            15.97176,
            45.655431
          ],
          [
            15.972234,
            45.654625
          ],
          [
            15.972903,
            45.654084
          ],
          [
            15.973164,
            45.653698
          ],
          [
            15.972887,
            45.653347
          ],
          [
            15.972402,
            45.653284
          ],
          [
            15.97214,
            45.65325
          ],
          [
            15.971527,
            45.653432
          ],
          [
            15.971243,
            45.653517
          ],
          [
            15.970508,
            45.653418
          ],
          [
            15.969653,
            45.653284
          ],
          [
            15.969022,
            45.653229
          ],
          [
            15.96784,
            45.652784
          ],
          [
            15.96687,
            45.652484
          ],
          [
            15.96687,
            45.652484
          ],
          [
            15.965515,
            45.652088
          ],
          [
            15.964325,
            45.651722
          ],
          [
            15.963435,
            45.651275
          ],
          [
            15.962924,
            45.650801
          ],
          [
            15.962057,
            45.649747
          ],
          [
            15.961216,
            45.648559
          ],
          [
            15.961034,
            45.647981
          ],
          [
            15.959356,
            45.645794
          ],
          [
            15.959168,
            45.645282
          ],
          [
            15.959464,
            45.644657
          ],
          [
            15.960341,
            45.643633
          ],
          [
            15.960452,
            45.64315
          ],
          [
            15.960399,
            45.642878
          ],
          [
            15.960377,
            45.642525
          ],
          [
            15.960862,
            45.641945
          ],
          [
            15.960994,
            45.641439
          ],
          [
            15.961071,
            45.640598
          ],
          [
            15.961462,
            45.639655
          ],
          [
            15.961529,
            45.639243
          ],
          [
            15.961342,
            45.638964
          ],
          [
            15.961231,
            45.638727
          ],
          [
            15.961442,
            45.637893
          ],
          [
            15.96208,
            45.636967
          ],
          [
            15.962134,
            45.636375
          ],
          [
            15.962083,
            45.635883
          ],
          [
            15.962364,
            45.635292
          ],
          [
            15.962523,
            45.63455
          ],
          [
            15.962472,
            45.63396
          ],
          [
            15.962721,
            45.633173
          ],
          [
            15.962665,
            45.632064
          ],
          [
            15.962492,
            45.631381
          ],
          [
            15.961806,
            45.63036
          ],
          [
            15.961357,
            45.62978
          ],
          [
            15.960996,
            45.628766
          ],
          [
            15.960462,
            45.628075
          ],
          [
            15.960203,
            45.627696
          ],
          [
            15.95911,
            45.627244
          ],
          [
            15.95849,
            45.627123
          ],
          [
            15.95849,
            45.627123
          ],
          [
            15.958684,
            45.627051
          ],
          [
            15.958437,
            45.62676
          ],
          [
            15.958037,
            45.626167
          ],
          [
            15.958101,
            45.624913
          ],
          [
            15.958506,
            45.624201
          ],
          [
            15.958785,
            45.62374
          ],
          [
            15.959011,
            45.623326
          ],
          [
            15.95922,
            45.622622
          ],
          [
            15.959366,
            45.621985
          ],
          [
            15.959576,
            45.621554
          ],
          [
            15.960194,
            45.62089
          ],
          [
            15.960248,
            45.620111
          ],
          [
            15.960248,
            45.620111
          ],
          [
            15.960236,
            45.619379
          ],
          [
            15.96066,
            45.618775
          ],
          [
            15.962544,
            45.618013
          ],
          [
            15.962995,
            45.617087
          ],
          [
            15.96329,
            45.615995
          ],
          [
            15.963533,
            45.615728
          ],
          [
            15.964296,
            45.615278
          ],
          [
            15.964195,
            45.614435
          ],
          [
            15.964175,
            45.613588
          ],
          [
            15.964481,
            45.612715
          ],
          [
            15.965142,
            45.612097
          ],
          [
            15.965413,
            45.611742
          ],
          [
            15.965413,
            45.611742
          ],
          [
            15.965641,
            45.611158
          ],
          [
            15.96612,
            45.610417
          ],
          [
            15.966414,
            45.609552
          ],
          [
            15.966671,
            45.60888
          ],
          [
            15.96701,
            45.608352
          ],
          [
            15.967068,
            45.607864
          ],
          [
            15.966837,
            45.607299
          ],
          [
            15.967096,
            45.606855
          ],
          [
            15.967388,
            45.606671
          ],
          [
            15.967296,
            45.606268
          ],
          [
            15.967296,
            45.606268
          ],
          [
            15.966884,
            45.605125
          ],
          [
            15.966542,
            45.603771
          ],
          [
            15.966374,
            45.603425
          ],
          [
            15.965633,
            45.603483
          ],
          [
            15.963848,
            45.60294
          ],
          [
            15.963202,
            45.603146
          ],
          [
            15.963015,
            45.603056
          ],
          [
            15.963189,
            45.602785
          ],
          [
            15.963849,
            45.602622
          ],
          [
            15.964916,
            45.602441
          ],
          [
            15.964969,
            45.602258
          ],
          [
            15.964495,
            45.602045
          ],
          [
            15.963809,
            45.601427
          ],
          [
            15.963618,
            45.600869
          ],
          [
            15.963632,
            45.599816
          ],
          [
            15.963998,
            45.59924
          ],
          [
            15.964663,
            45.598505
          ],
          [
            15.964663,
            45.598505
          ],
          [
            15.965781,
            45.59772
          ],
          [
            15.966759,
            45.597142
          ],
          [
            15.967659,
            45.596614
          ],
          [
            15.967858,
            45.596249
          ],
          [
            15.967917,
            45.595352
          ],
          [
            15.967711,
            45.594875
          ],
          [
            15.967288,
            45.594609
          ],
          [
            15.966581,
            45.594377
          ],
          [
            15.966169,
            45.594064
          ],
          [
            15.965936,
            45.593811
          ],
          [
            15.965786,
            45.593345
          ],
          [
            15.965721,
            45.592433
          ],
          [
            15.965538,
            45.592082
          ],
          [
            15.965175,
            45.591743
          ],
          [
            15.964638,
            45.591507
          ],
          [
            15.964291,
            45.591185
          ],
          [
            15.964085,
            45.590617
          ],
          [
            15.96415,
            45.590056
          ],
          [
            15.964067,
            45.58936
          ],
          [
            15.963908,
            45.588818
          ],
          [
            15.963653,
            45.588166
          ],
          [
            15.963412,
            45.587842
          ],
          [
            15.962778,
            45.587405
          ],
          [
            15.962778,
            45.587405
          ],
          [
            15.962207,
            45.587095
          ],
          [
            15.961333,
            45.586971
          ],
          [
            15.959041,
            45.58679
          ],
          [
            15.958562,
            45.586707
          ],
          [
            15.956555,
            45.585754
          ],
          [
            15.954996,
            45.58516
          ],
          [
            15.954445,
            45.584782
          ],
          [
            15.953527,
            45.583418
          ],
          [
            15.953181,
            45.583096
          ],
          [
            15.953181,
            45.583096
          ],
          [
            15.952813,
            45.582978
          ],
          [
            15.95131,
            45.582662
          ],
          [
            15.949579,
            45.582261
          ],
          [
            15.948222,
            45.581943
          ],
          [
            15.947223,
            45.581622
          ],
          [
            15.946325,
            45.581286
          ],
          [
            15.945324,
            45.580815
          ],
          [
            15.944322,
            45.58026
          ],
          [
            15.943777,
            45.579856
          ],
          [
            15.943435,
            45.579501
          ],
          [
            15.943335,
            45.579113
          ],
          [
            15.943414,
            45.578518
          ],
          [
            15.943504,
            45.576942
          ],
          [
            15.943567,
            45.57633
          ],
          [
            15.943618,
            45.576186
          ],
          [
            15.943596,
            45.575327
          ],
          [
            15.943596,
            45.575327
          ],
          [
            15.943733,
            45.574516
          ],
          [
            15.943897,
            45.573844
          ],
          [
            15.944192,
            45.573485
          ],
          [
            15.944766,
            45.573172
          ],
          [
            15.9463,
            45.572485
          ],
          [
            15.946515,
            45.572033
          ],
          [
            15.946791,
            45.571657
          ],
          [
            15.946802,
            45.570585
          ],
          [
            15.947404,
            45.569911
          ],
          [
            15.947351,
            45.569633
          ],
          [
            15.946812,
            45.568793
          ],
          [
            15.946527,
            45.568365
          ],
          [
            15.946295,
            45.568021
          ],
          [
            15.945776,
            45.567659
          ],
          [
            15.945371,
            45.567086
          ]
        ]
      },
      "properties": {}
    },
    {
      "type": "Feature",
      "geometry": {
        "type": "LineString",
        "coordinates": [
          [
            15.945472,
            45.567111
          ],
          [
            15.946946,
            45.568884
          ],
          [
            15.94736,
            45.569625
          ],
          [
            15.947409,
            45.569969
          ],
          [
            15.946853,
            45.570539
          ],
          [
            15.946786,
            45.571677
          ],
          [
            15.946322,
            45.572462
          ],
          [
            15.945007,
            45.573034
          ],
          [
            15.944078,
            45.573592
          ],
          [
            15.943849,
            45.574
          ],
          [
            15.943601,
            45.575397
          ],
          [
            15.943648,
            45.576059
          ],
          [
            15.943458,
            45.577337
          ],
          [
            15.943326,
            45.578946
          ],
          [
            15.94337,
            45.579413
          ],
          [
            15.9438,
            45.579885
          ],
          [
            15.944725,
            45.580503
          ],
          [
            15.946302,
            45.581257
          ],
          [
            15.947594,
            45.581752
          ],
          [
            15.949138,
            45.582154
          ],
          [
            15.952876,
            45.583002
          ],
          [
            15.953327,
            45.58318
          ],
          [
            15.954096,
            45.584409
          ],
          [
            15.954385,
            45.584758
          ],
          [
            15.954705,
            45.584941
          ],
          [
            15.955253,
            45.585222
          ],
          [
            15.956441,
            45.585686
          ],
          [
            15.958571,
            45.586687
          ],
          [
            15.959226,
            45.586829
          ],
          [
            15.960165,
            45.586854
          ],
          [
            15.961688,
            45.587005
          ],
          [
            15.962179,
            45.587086
          ],
          [
            15.962588,
            45.587302
          ],
          [
            15.963498,
            45.587908
          ],
          [
            15.963753,
            45.588463
          ],
          [
            15.964132,
            45.589442
          ],
          [
            15.964134,
            45.590415
          ],
          [
            15.964194,
            45.590985
          ],
          [
            15.964397,
            45.591365
          ],
          [
            15.96468,
            45.591559
          ],
          [
            15.965198,
            45.591779
          ],
          [
            15.965502,
            45.592048
          ],
          [
            15.965666,
            45.592291
          ],
          [
            15.965739,
            45.592762
          ],
          [
            15.965815,
            45.59362
          ],
          [
            15.966012,
            45.593937
          ],
          [
            15.966466,
            45.594302
          ],
          [
            15.96703,
            45.594502
          ],
          [
            15.967514,
            45.594746
          ],
          [
            15.967789,
            45.595046
          ],
          [
            15.967892,
            45.595265
          ],
          [
            15.967833,
            45.596246
          ],
          [
            15.967685,
            45.596565
          ],
          [
            15.967212,
            45.59691
          ],
          [
            15.966165,
            45.597478
          ],
          [
            15.964915,
            45.59832
          ],
          [
            15.96432,
            45.598838
          ],
          [
            15.96376,
            45.599571
          ],
          [
            15.963614,
            45.599851
          ],
          [
            15.96362,
            45.600642
          ],
          [
            15.963701,
            45.601202
          ],
          [
            15.964087,
            45.601745
          ],
          [
            15.964511,
            45.602056
          ],
          [
            15.964981,
            45.602256
          ],
          [
            15.96498,
            45.602386
          ],
          [
            15.964466,
            45.602549
          ],
          [
            15.963686,
            45.602657
          ],
          [
            15.963129,
            45.602852
          ],
          [
            15.963017,
            45.603016
          ],
          [
            15.963115,
            45.603171
          ],
          [
            15.963763,
            45.602925
          ],
          [
            15.964755,
            45.60317
          ],
          [
            15.965582,
            45.603445
          ],
          [
            15.966235,
            45.603444
          ],
          [
            15.966438,
            45.603546
          ],
          [
            15.966646,
            45.604075
          ],
          [
            15.966722,
            45.60457
          ],
          [
            15.966958,
            45.605381
          ],
          [
            15.967203,
            45.605808
          ],
          [
            15.967406,
            45.606643
          ],
          [
            15.966904,
            45.607069
          ],
          [
            15.966832,
            45.607326
          ],
          [
            15.967089,
            45.607933
          ],
          [
            15.966973,
            45.608448
          ],
          [
            15.966539,
            45.609203
          ],
          [
            15.966178,
            45.610298
          ],
          [
            15.965687,
            45.611041
          ],
          [
            15.965376,
            45.611844
          ],
          [
            15.965031,
            45.612223
          ],
          [
            15.96458,
            45.612597
          ],
          [
            15.964318,
            45.613023
          ],
          [
            15.964161,
            45.613538
          ],
          [
            15.964303,
            45.615036
          ],
          [
            15.964227,
            45.615365
          ],
          [
            15.963729,
            45.615623
          ],
          [
            15.963399,
            45.615818
          ],
          [
            15.963158,
            45.616409
          ],
          [
            15.963055,
            45.616923
          ],
          [
            15.96259,
            45.617987
          ],
          [
            15.962137,
            45.618219
          ],
          [
            15.961116,
            45.618556
          ],
          [
            15.960743,
            45.618738
          ],
          [
            15.960345,
            45.619202
          ],
          [
            15.960227,
            45.619581
          ],
          [
            15.960217,
            45.620822
          ],
          [
            15.960016,
            45.621142
          ],
          [
            15.959516,
            45.621627
          ],
          [
            15.959269,
            45.62233
          ],
          [
            15.959097,
            45.623119
          ],
          [
            15.958689,
            45.624007
          ],
          [
            15.958275,
            45.624551
          ],
          [
            15.958111,
            45.62495
          ],
          [
            15.958013,
            45.625716
          ],
          [
            15.958124,
            45.626415
          ],
          [
            15.958732,
            45.627077
          ],
          [
            15.959012,
            45.627265
          ],
          [
            15.960063,
            45.627624
          ],
          [
            15.960506,
            45.628089
          ],
          [
            15.960828,
            45.628511
          ],
          [
            15.961269,
            45.629656
          ],
          [
            15.962254,
            45.630979
          ],
          [
            15.962573,
            45.631564
          ],
          [
            15.962735,
            45.632586
          ],
          [
            15.962577,
            45.633686
          ],
          [
            15.962472,
            45.634057
          ],
          [
            15.96247,
            45.63483
          ],
          [
            15.962283,
            45.635563
          ],
          [
            15.962037,
            45.635993
          ],
          [
            15.962129,
            45.636766
          ],
          [
            15.96194,
            45.637272
          ],
          [
            15.96141,
            45.637968
          ],
          [
            15.961224,
            45.638793
          ],
          [
            15.961578,
            45.639321
          ],
          [
            15.961488,
            45.639794
          ],
          [
            15.961105,
            45.64049
          ],
          [
            15.960925,
            45.641793
          ],
          [
            15.960455,
            45.642429
          ],
          [
            15.960356,
            45.642729
          ],
          [
            15.960469,
            45.643388
          ],
          [
            15.960138,
            45.643901
          ],
          [
            15.959594,
            45.644457
          ],
          [
            15.959182,
            45.645059
          ],
          [
            15.959268,
            45.645768
          ],
          [
            15.959725,
            45.646282
          ],
          [
            15.961084,
            45.648059
          ],
          [
            15.961204,
            45.648561
          ],
          [
            15.961953,
            45.649528
          ],
          [
            15.96218,
            45.649898
          ],
          [
            15.962732,
            45.650555
          ],
          [
            15.963247,
            45.651132
          ],
          [
            15.964015,
            45.65157
          ],
          [
            15.964888,
            45.651949
          ],
          [
            15.967427,
            45.652653
          ],
          [
            15.968259,
            45.65294
          ],
          [
            15.969202,
            45.653295
          ],
          [
            15.969761,
            45.653334
          ],
          [
            15.97067,
            45.653434
          ],
          [
            15.971248,
            45.65349
          ],
          [
            15.97171,
            45.653426
          ],
          [
            15.972161,
            45.653234
          ],
          [
            15.972686,
            45.653297
          ],
          [
            15.973,
            45.653454
          ],
          [
            15.973139,
            45.653707
          ],
          [
            15.972979,
            45.654028
          ],
          [
            15.972422,
            45.654404
          ],
          [
            15.971859,
            45.655125
          ],
          [
            15.971718,
            45.655463
          ],
          [
            15.971863,
            45.655871
          ],
          [
            15.972152,
            45.65622
          ],
          [
            15.973079,
            45.656649
          ],
          [
            15.973532,
            45.656969
          ],
          [
            15.973763,
            45.657261
          ],
          [
            15.973874,
            45.657966
          ],
          [
            15.973857,
            45.658727
          ],
          [
            15.974364,
            45.661421
          ],
          [
            15.974654,
            45.662782
          ],
          [
            15.97506,
            45.667327
          ],
          [
            15.975297,
            45.668501
          ],
          [
            15.978606,
            45.67279
          ],
          [
            15.979145,
            45.6745
          ],
          [
            15.979846,
            45.676667
          ],
          [
            15.979916,
            45.677501
          ],
          [
            15.979728,
            45.682706
          ],
          [
            15.979712,
            45.684389
          ],
          [
            15.980557,
            45.687736
          ],
          [
            15.981182,
            45.689687
          ],
          [
            15.983006,
            45.693593
          ],
          [
            15.985073,
            45.698198
          ],
          [
            15.986062,
            45.700396
          ],
          [
            15.987277,
            45.70244
          ],
          [
            15.98788,
            45.704096
          ],
          [
            15.988288,
            45.704344
          ],
          [
            15.989346,
            45.704677
          ],
          [
            15.989932,
            45.705036
          ],
          [
            15.990197,
            45.705389
          ],
          [
            15.995328,
            45.709178
          ],
          [
            15.995634,
            45.710181
          ],
          [
            15.995625,
            45.711973
          ],
          [
            15.996283,
            45.717417
          ],
          [
            15.996391,
            45.718103
          ],
          [
            15.997429,
            45.719178
          ],
          [
            15.99857,
            45.720155
          ],
          [
            15.999229,
            45.721355
          ],
          [
            16.000275,
            45.723195
          ],
          [
            16.002423,
            45.725141
          ],
          [
            16.003356,
            45.726686
          ],
          [
            16.003108,
            45.727252
          ],
          [
            16.003722,
            45.729302
          ],
          [
            16.004846,
            45.73058
          ],
          [
            16.003984,
            45.730966
          ],
          [
            16.007846,
            45.735659
          ],
          [
            16.002372,
            45.737459
          ],
          [
            16.004288,
            45.740159
          ],
          [
            16.00499,
            45.741138
          ],
          [
            16.006118,
            45.741656
          ],
          [
            16.006826,
            45.741661
          ],
          [
            16.007302,
            45.741459
          ],
          [
            16.007613,
            45.741149
          ],
          [
            16.007556,
            45.740677
          ],
          [
            16.006888,
            45.74014
          ],
          [
            16.005104,
            45.738974
          ],
          [
            16.008294,
            45.73668
          ],
          [
            16.01001,
            45.735474
          ],
          [
            16.011123,
            45.734754
          ],
          [
            16.012543,
            45.734077
          ],
          [
            16.015171,
            45.733197
          ],
          [
            16.027316,
            45.729447
          ],
          [
            16.027351,
            45.729572
          ],
          [
            16.025351,
            45.73013
          ],
          [
            16.025144,
            45.730606
          ],
          [
            16.024882,
            45.73063
          ]
        ]
      },
      "properties": {}
    },
    {
      "type": "Feature",
      "geometry": {
        "type": "LineString",
        "coordinates": [
          [
            16.004244,
            45.730907
          ],
          [
            16.00409,
            45.73114
          ],
          [
            16.007817,
            45.735633
          ],
          [
            16.007817,
            45.735633
          ],
          [
            16.002421,
            45.73744
          ],
          [
            16.004255,
            45.739835
          ],
          [
            16.004261,
            45.739838
          ],
          [
            16.004916,
            45.741071
          ],
          [
            16.005837,
            45.741572
          ],
          [
            16.006918,
            45.741694
          ],
          [
            16.007542,
            45.741276
          ],
          [
            16.007616,
            45.740701
          ],
          [
            16.005129,
            45.738971
          ],
          [
            15.99895,
            45.743563
          ],
          [
            15.994334,
            45.746833
          ],
          [
            15.990058,
            45.749933
          ],
          [
            15.989276,
            45.7506
          ],
          [
            15.988876,
            45.751467
          ],
          [
            15.989029,
            45.752536
          ],
          [
            15.989882,
            45.757499
          ],
          [
            15.990161,
            45.759867
          ],
          [
            15.988936,
            45.760246
          ],
          [
            15.986938,
            45.760725
          ],
          [
            15.98523,
            45.760878
          ],
          [
            15.983272,
            45.760903
          ],
          [
            15.982591,
            45.761043
          ],
          [
            15.98183,
            45.761409
          ],
          [
            15.981327,
            45.761927
          ],
          [
            15.981054,
            45.762594
          ],
          [
            15.98089,
            45.765317
          ],
          [
            15.980623,
            45.768786
          ],
          [
            15.98044,
            45.772225
          ],
          [
            15.980409,
            45.773579
          ],
          [
            15.980672,
            45.775931
          ],
          [
            15.980669,
            45.778612
          ],
          [
            15.980669,
            45.778612
          ],
          [
            15.980233,
            45.780275
          ],
          [
            15.979992,
            45.784559
          ],
          [
            15.979836,
            45.786534
          ],
          [
            15.979701,
            45.787669
          ],
          [
            15.979584,
            45.789963
          ],
          [
            15.979505,
            45.791383
          ],
          [
            15.97953,
            45.793975
          ],
          [
            15.979659,
            45.794548
          ],
          [
            15.979674,
            45.79524
          ],
          [
            15.979529,
            45.797888
          ],
          [
            15.979455,
            45.799372
          ],
          [
            15.97956,
            45.799409
          ],
          [
            15.97956,
            45.799409
          ],
          [
            15.979461,
            45.799708
          ],
          [
            15.979342,
            45.801581
          ],
          [
            15.979139,
            45.801661
          ],
          [
            15.978519,
            45.801604
          ],
          [
            15.978216,
            45.801718
          ],
          [
            15.978308,
            45.80362
          ],
          [
            15.978366,
            45.803955
          ],
          [
            15.978575,
            45.803939
          ]
        ]
      },
      "properties": {}
    },
    {
      "type": "Feature",
      "geometry": {
        "type": "LineString",
        "coordinates": [
          [
            15.945472,
            45.567111
          ],
          [
            15.945947,
            45.56783
          ],
          [
            15.946334,
            45.568061
          ],
          [
            15.947444,
            45.569821
          ],
          [
            15.946886,
            45.570509
          ],
          [
            15.946814,
            45.571505
          ],
          [
            15.946607,
            45.571981
          ],
          [
            15.946267,
            45.572509
          ],
          [
            15.944849,
            45.573128
          ],
          [
            15.944044,
            45.573616
          ],
          [
            15.943793,
            45.574267
          ],
          [
            15.943634,
            45.575373
          ],
          [
            15.943634,
            45.575373
          ],
          [
            15.943606,
            45.576376
          ],
          [
            15.943356,
            45.578909
          ],
          [
            15.943418,
            45.579536
          ],
          [
            15.944067,
            45.580075
          ],
          [
            15.945248,
            45.580787
          ],
          [
            15.946653,
            45.581403
          ],
          [
            15.948523,
            45.582018
          ],
          [
            15.952278,
            45.582878
          ],
          [
            15.953388,
            45.583165
          ],
          [
            15.953388,
            45.583165
          ],
          [
            15.953897,
            45.584138
          ],
          [
            15.954504,
            45.584897
          ],
          [
            15.95652,
            45.585733
          ],
          [
            15.958562,
            45.586701
          ],
          [
            15.959176,
            45.586849
          ],
          [
            15.960989,
            45.58694
          ],
          [
            15.962216,
            45.587075
          ],
          [
            15.963007,
            45.587549
          ],
          [
            15.963007,
            45.587549
          ],
          [
            15.963591,
            45.588006
          ],
          [
            15.964111,
            45.589283
          ],
          [
            15.964157,
            45.591087
          ],
          [
            15.964437,
            45.591366
          ],
          [
            15.965097,
            45.59176
          ],
          [
            15.965638,
            45.592192
          ],
          [
            15.965822,
            45.593373
          ],
          [
            15.96588,
            45.5938
          ],
          [
            15.966371,
            45.59425
          ],
          [
            15.96738,
            45.594648
          ],
          [
            15.967878,
            45.595124
          ],
          [
            15.967879,
            45.596039
          ],
          [
            15.967742,
            45.596486
          ],
          [
            15.967053,
            45.59701
          ],
          [
            15.966634,
            45.597218
          ],
          [
            15.965635,
            45.597818
          ],
          [
            15.964623,
            45.598595
          ],
          [
            15.964623,
            45.598595
          ],
          [
            15.963685,
            45.599627
          ],
          [
            15.963546,
            45.600665
          ],
          [
            15.963956,
            45.601575
          ],
          [
            15.96448,
            45.602041
          ],
          [
            15.964971,
            45.602219
          ],
          [
            15.96495,
            45.602332
          ],
          [
            15.964756,
            45.602489
          ],
          [
            15.963592,
            45.602657
          ],
          [
            15.963047,
            45.602889
          ],
          [
            15.96304,
            45.603052
          ],
          [
            15.963205,
            45.603159
          ],
          [
            15.963608,
            45.602941
          ],
          [
            15.964033,
            45.602979
          ],
          [
            15.965441,
            45.603425
          ],
          [
            15.966227,
            45.603465
          ],
          [
            15.966505,
            45.603595
          ],
          [
            15.966686,
            45.604355
          ],
          [
            15.966829,
            45.604984
          ],
          [
            15.96724,
            45.605887
          ],
          [
            15.967374,
            45.606349
          ],
          [
            15.967374,
            45.606349
          ],
          [
            15.967325,
            45.606732
          ],
          [
            15.966976,
            45.607001
          ],
          [
            15.966879,
            45.60717
          ],
          [
            15.966881,
            45.607494
          ],
          [
            15.967005,
            45.607737
          ],
          [
            15.967109,
            45.608047
          ],
          [
            15.966458,
            45.609383
          ],
          [
            15.966284,
            45.610024
          ],
          [
            15.966259,
            45.610209
          ],
          [
            15.96571,
            45.61098
          ],
          [
            15.965425,
            45.611831
          ],
          [
            15.965425,
            45.611831
          ],
          [
            15.965108,
            45.612212
          ],
          [
            15.964582,
            45.612551
          ],
          [
            15.964337,
            45.61304
          ],
          [
            15.964195,
            45.61352
          ],
          [
            15.964253,
            45.61431
          ],
          [
            15.964281,
            45.615234
          ],
          [
            15.964081,
            45.615457
          ],
          [
            15.9635,
            45.615752
          ],
          [
            15.963299,
            45.616065
          ],
          [
            15.963011,
            45.617098
          ],
          [
            15.962544,
            45.618013
          ],
          [
            15.962157,
            45.618236
          ],
          [
            15.961266,
            45.618477
          ],
          [
            15.960586,
            45.618889
          ],
          [
            15.96023,
            45.619406
          ],
          [
            15.960222,
            45.619881
          ],
          [
            15.960222,
            45.619881
          ],
          [
            15.960229,
            45.62073
          ],
          [
            15.96009,
            45.621125
          ],
          [
            15.959467,
            45.621731
          ],
          [
            15.958881,
            45.623701
          ],
          [
            15.958553,
            45.624227
          ],
          [
            15.958182,
            45.624648
          ],
          [
            15.958041,
            45.625628
          ],
          [
            15.95812,
            45.626402
          ],
          [
            15.958739,
            45.627108
          ],
          [
            15.958739,
            45.627108
          ],
          [
            15.959808,
            45.62753
          ],
          [
            15.960271,
            45.62779
          ],
          [
            15.960465,
            45.628088
          ],
          [
            15.960772,
            45.628408
          ],
          [
            15.961214,
            45.629424
          ],
          [
            15.961662,
            45.630231
          ],
          [
            15.962442,
            45.631213
          ],
          [
            15.962698,
            45.63204
          ],
          [
            15.962714,
            45.632875
          ],
          [
            15.96257,
            45.633752
          ],
          [
            15.962426,
            45.634174
          ],
          [
            15.9625,
            45.634702
          ],
          [
            15.962361,
            45.63537
          ],
          [
            15.962053,
            45.635919
          ],
          [
            15.962139,
            45.6369
          ],
          [
            15.961417,
            45.637987
          ],
          [
            15.961215,
            45.638716
          ],
          [
            15.961538,
            45.63932
          ],
          [
            15.961344,
            45.640028
          ],
          [
            15.961004,
            45.640737
          ],
          [
            15.960962,
            45.641781
          ],
          [
            15.960464,
            45.642409
          ],
          [
            15.96039,
            45.642886
          ],
          [
            15.960487,
            45.64345
          ],
          [
            15.959272,
            45.644859
          ],
          [
            15.959138,
            45.645325
          ],
          [
            15.95957,
            45.646115
          ],
          [
            15.960849,
            45.64776
          ],
          [
            15.961161,
            45.648236
          ],
          [
            15.961399,
            45.648819
          ],
          [
            15.962016,
            45.649564
          ],
          [
            15.962247,
            45.650032
          ],
          [
            15.962797,
            45.650552
          ],
          [
            15.963104,
            45.651055
          ],
          [
            15.964102,
            45.651636
          ],
          [
            15.965579,
            45.652125
          ],
          [
            15.96766,
            45.652718
          ],
          [
            15.96766,
            45.652718
          ],
          [
            15.968786,
            45.653152
          ],
          [
            15.969484,
            45.65334
          ],
          [
            15.970388,
            45.653377
          ],
          [
            15.971474,
            45.65353
          ],
          [
            15.972164,
            45.653246
          ],
          [
            15.972787,
            45.653322
          ],
          [
            15.973099,
            45.653616
          ],
          [
            15.973005,
            45.653979
          ],
          [
            15.972399,
            45.654459
          ],
          [
            15.971823,
            45.655188
          ],
          [
            15.971759,
            45.655742
          ],
          [
            15.972196,
            45.656233
          ],
          [
            15.973118,
            45.656695
          ],
          [
            15.97356,
            45.656978
          ],
          [
            15.973867,
            45.65748
          ],
          [
            15.973867,
            45.65748
          ],
          [
            15.973847,
            45.658508
          ],
          [
            15.974679,
            45.662863
          ],
          [
            15.975085,
            45.667226
          ],
          [
            15.975218,
            45.668187
          ],
          [
            15.975826,
            45.669219
          ],
          [
            15.97744,
            45.671226
          ],
          [
            15.978663,
            45.672802
          ],
          [
            15.979656,
            45.67611
          ],
          [
            15.979786,
            45.676468
          ],
          [
            15.979921,
            45.677014
          ],
          [
            15.979878,
            45.679109
          ],
          [
            15.979754,
            45.68435
          ],
          [
            15.980583,
            45.687778
          ],
          [
            15.980947,
            45.689207
          ],
          [
            15.984985,
            45.697899
          ],
          [
            15.984985,
            45.697899
          ],
          [
            15.985599,
            45.699358
          ],
          [
            15.986368,
            45.700841
          ],
          [
            15.987298,
            45.702515
          ],
          [
            15.987825,
            45.703948
          ],
          [
            15.988157,
            45.704265
          ],
          [
            15.989249,
            45.704664
          ],
          [
            15.989249,
            45.704664
          ],
          [
            15.989789,
            45.704959
          ],
          [
            15.990525,
            45.705603
          ],
          [
            15.992745,
            45.707254
          ],
          [
            15.992745,
            45.707254
          ],
          [
            15.994366,
            45.70841
          ],
          [
            15.995298,
            45.70913
          ],
          [
            15.995609,
            45.7101
          ],
          [
            15.995582,
            45.711557
          ],
          [
            15.996163,
            45.716136
          ],
          [
            15.996163,
            45.716136
          ],
          [
            15.996382,
            45.718026
          ],
          [
            15.99748,
            45.719314
          ],
          [
            15.998512,
            45.720092
          ],
          [
            15.999241,
            45.721353
          ],
          [
            16.000205,
            45.723043
          ],
          [
            16.002587,
            45.725294
          ],
          [
            16.003072,
            45.726213
          ],
          [
            16.003072,
            45.726213
          ],
          [
            16.003355,
            45.726725
          ],
          [
            16.00311,
            45.727304
          ],
          [
            16.003784,
            45.729378
          ],
          [
            16.004881,
            45.730607
          ],
          [
            16.004246,
            45.730903
          ],
          [
            16.004244,
            45.730907
          ],
          [
            16.00409,
            45.73114
          ],
          [
            16.007817,
            45.735633
          ],
          [
            16.007817,
            45.735633
          ],
          [
            16.002421,
            45.73744
          ],
          [
            16.004255,
            45.739835
          ],
          [
            16.004261,
            45.739838
          ],
          [
            16.004916,
            45.741071
          ],
          [
            16.005837,
            45.741572
          ],
          [
            16.006918,
            45.741694
          ],
          [
            16.007542,
            45.741276
          ],
          [
            16.007616,
            45.740701
          ],
          [
            16.005129,
            45.738971
          ],
          [
            15.99895,
            45.743563
          ],
          [
            15.994334,
            45.746833
          ],
          [
            15.990058,
            45.749933
          ],
          [
            15.989276,
            45.7506
          ],
          [
            15.988876,
            45.751467
          ],
          [
            15.989029,
            45.752536
          ],
          [
            15.989882,
            45.757499
          ],
          [
            15.990161,
            45.759867
          ],
          [
            15.988936,
            45.760246
          ],
          [
            15.986938,
            45.760725
          ],
          [
            15.98523,
            45.760878
          ],
          [
            15.983272,
            45.760903
          ],
          [
            15.982591,
            45.761043
          ],
          [
            15.98183,
            45.761409
          ],
          [
            15.981327,
            45.761927
          ],
          [
            15.981054,
            45.762594
          ],
          [
            15.98089,
            45.765317
          ],
          [
            15.980623,
            45.768786
          ],
          [
            15.98044,
            45.772225
          ],
          [
            15.980409,
            45.773579
          ],
          [
            15.980672,
            45.775931
          ],
          [
            15.980669,
            45.778612
          ],
          [
            15.980669,
            45.778612
          ],
          [
            15.980233,
            45.780275
          ],
          [
            15.979992,
            45.784559
          ],
          [
            15.979836,
            45.786534
          ],
          [
            15.979701,
            45.787669
          ],
          [
            15.979584,
            45.789963
          ],
          [
            15.979505,
            45.791383
          ],
          [
            15.97953,
            45.793975
          ],
          [
            15.979659,
            45.794548
          ],
          [
            15.979674,
            45.79524
          ],
          [
            15.979529,
            45.797888
          ],
          [
            15.979455,
            45.799372
          ],
          [
            15.97956,
            45.799409
          ],
          [
            15.97956,
            45.799409
          ],
          [
            15.979461,
            45.799708
          ],
          [
            15.979342,
            45.801581
          ],
          [
            15.979139,
            45.801661
          ],
          [
            15.978519,
            45.801604
          ],
          [
            15.978216,
            45.801718
          ],
          [
            15.978308,
            45.80362
          ],
          [
            15.978366,
            45.803955
          ],
          [
            15.978575,
            45.803939
          ]
        ]
      },
      "properties": {}
    },
    {
      "type": "Feature",
      "geometry": {
        "type": "LineString",
        "coordinates": [
          [
            15.948513,
            45.615572
          ],
          [
            15.948816,
            45.615971
          ],
          [
            15.949445,
            45.616624
          ],
          [
            15.949596,
            45.618796
          ],
          [
            15.949785,
            45.619302
          ],
          [
            15.950169,
            45.6198
          ],
          [
            15.950569,
            45.620211
          ],
          [
            15.950569,
            45.620211
          ],
          [
            15.950977,
            45.62079
          ],
          [
            15.951238,
            45.621773
          ],
          [
            15.951462,
            45.622222
          ],
          [
            15.951754,
            45.622765
          ],
          [
            15.95226,
            45.622903
          ],
          [
            15.952413,
            45.623108
          ],
          [
            15.952617,
            45.623534
          ],
          [
            15.952674,
            45.624279
          ],
          [
            15.952787,
            45.625126
          ],
          [
            15.952716,
            45.625798
          ],
          [
            15.952887,
            45.626345
          ],
          [
            15.953123,
            45.626689
          ],
          [
            15.953449,
            45.626942
          ],
          [
            15.954488,
            45.62694
          ],
          [
            15.955545,
            45.626722
          ],
          [
            15.956604,
            45.626918
          ],
          [
            15.957386,
            45.626855
          ],
          [
            15.958006,
            45.627067
          ],
          [
            15.958739,
            45.627108
          ],
          [
            15.958739,
            45.627108
          ],
          [
            15.958231,
            45.626556
          ],
          [
            15.958064,
            45.626209
          ],
          [
            15.958053,
            45.625529
          ],
          [
            15.958173,
            45.624656
          ],
          [
            15.958543,
            45.624189
          ],
          [
            15.95909,
            45.623088
          ],
          [
            15.959333,
            45.622003
          ],
          [
            15.959697,
            45.621375
          ],
          [
            15.960192,
            45.620923
          ],
          [
            15.960248,
            45.620111
          ],
          [
            15.960248,
            45.620111
          ],
          [
            15.960236,
            45.619379
          ],
          [
            15.96066,
            45.618775
          ],
          [
            15.962544,
            45.618013
          ],
          [
            15.962995,
            45.617087
          ],
          [
            15.96329,
            45.615995
          ],
          [
            15.963533,
            45.615728
          ],
          [
            15.964296,
            45.615278
          ],
          [
            15.964195,
            45.614435
          ],
          [
            15.964175,
            45.613588
          ],
          [
            15.964481,
            45.612715
          ],
          [
            15.965142,
            45.612097
          ],
          [
            15.965413,
            45.611742
          ],
          [
            15.965413,
            45.611742
          ],
          [
            15.965641,
            45.611158
          ],
          [
            15.96612,
            45.610417
          ],
          [
            15.966414,
            45.609552
          ],
          [
            15.966671,
            45.60888
          ],
          [
            15.96701,
            45.608352
          ],
          [
            15.967068,
            45.607864
          ],
          [
            15.966837,
            45.607299
          ],
          [
            15.967096,
            45.606855
          ],
          [
            15.967388,
            45.606671
          ],
          [
            15.967296,
            45.606268
          ],
          [
            15.967296,
            45.606268
          ],
          [
            15.966884,
            45.605125
          ],
          [
            15.966542,
            45.603771
          ],
          [
            15.966374,
            45.603425
          ],
          [
            15.965633,
            45.603483
          ],
          [
            15.963848,
            45.60294
          ],
          [
            15.963202,
            45.603146
          ],
          [
            15.963015,
            45.603056
          ],
          [
            15.963189,
            45.602785
          ],
          [
            15.963849,
            45.602622
          ],
          [
            15.964916,
            45.602441
          ],
          [
            15.964969,
            45.602258
          ],
          [
            15.964495,
            45.602045
          ],
          [
            15.963809,
            45.601427
          ],
          [
            15.963618,
            45.600869
          ],
          [
            15.963632,
            45.599816
          ],
          [
            15.963998,
            45.59924
          ],
          [
            15.964663,
            45.598505
          ],
          [
            15.964663,
            45.598505
          ],
          [
            15.965781,
            45.59772
          ],
          [
            15.966759,
            45.597142
          ],
          [
            15.967659,
            45.596614
          ],
          [
            15.967858,
            45.596249
          ],
          [
            15.967917,
            45.595352
          ],
          [
            15.967711,
            45.594875
          ],
          [
            15.967288,
            45.594609
          ],
          [
            15.966581,
            45.594377
          ],
          [
            15.966169,
            45.594064
          ],
          [
            15.965936,
            45.593811
          ],
          [
            15.965786,
            45.593345
          ],
          [
            15.965721,
            45.592433
          ],
          [
            15.965538,
            45.592082
          ],
          [
            15.965175,
            45.591743
          ],
          [
            15.964638,
            45.591507
          ],
          [
            15.964291,
            45.591185
          ],
          [
            15.964085,
            45.590617
          ],
          [
            15.96415,
            45.590056
          ],
          [
            15.964067,
            45.58936
          ],
          [
            15.963908,
            45.588818
          ],
          [
            15.963653,
            45.588166
          ],
          [
            15.963412,
            45.587842
          ],
          [
            15.962778,
            45.587405
          ],
          [
            15.962778,
            45.587405
          ],
          [
            15.962207,
            45.587095
          ],
          [
            15.961333,
            45.586971
          ],
          [
            15.959041,
            45.58679
          ],
          [
            15.958562,
            45.586707
          ],
          [
            15.956555,
            45.585754
          ],
          [
            15.954996,
            45.58516
          ],
          [
            15.954445,
            45.584782
          ],
          [
            15.953527,
            45.583418
          ],
          [
            15.953181,
            45.583096
          ],
          [
            15.953181,
            45.583096
          ],
          [
            15.952813,
            45.582978
          ],
          [
            15.95131,
            45.582662
          ],
          [
            15.949579,
            45.582261
          ],
          [
            15.948222,
            45.581943
          ],
          [
            15.947223,
            45.581622
          ],
          [
            15.946325,
            45.581286
          ],
          [
            15.945324,
            45.580815
          ],
          [
            15.944322,
            45.58026
          ],
          [
            15.943777,
            45.579856
          ],
          [
            15.943435,
            45.579501
          ],
          [
            15.943335,
            45.579113
          ],
          [
            15.943414,
            45.578518
          ],
          [
            15.943504,
            45.576942
          ],
          [
            15.943567,
            45.57633
          ],
          [
            15.943618,
            45.576186
          ],
          [
            15.943596,
            45.575327
          ],
          [
            15.943596,
            45.575327
          ],
          [
            15.943733,
            45.574516
          ],
          [
            15.943897,
            45.573844
          ],
          [
            15.944192,
            45.573485
          ],
          [
            15.944766,
            45.573172
          ],
          [
            15.9463,
            45.572485
          ],
          [
            15.946515,
            45.572033
          ],
          [
            15.946791,
            45.571657
          ],
          [
            15.946802,
            45.570585
          ],
          [
            15.947404,
            45.569911
          ],
          [
            15.947351,
            45.569633
          ],
          [
            15.946812,
            45.568793
          ],
          [
            15.946527,
            45.568365
          ],
          [
            15.946295,
            45.568021
          ],
          [
            15.945776,
            45.567659
          ],
          [
            15.945371,
            45.567086
          ]
        ]
      },
      "properties": {}
    },
    {
      "type": "Feature",
      "geometry": {
        "type": "LineString",
        "coordinates": [
          [
            15.979396,
            45.803773
          ],
          [
            15.978939,
            45.803902
          ],
          [
            15.978635,
            45.803957
          ],
          [
            15.978391,
            45.803952
          ],
          [
            15.978326,
            45.803864
          ],
          [
            15.978301,
            45.803686
          ],
          [
            15.978276,
            45.803235
          ],
          [
            15.978238,
            45.802338
          ],
          [
            15.978222,
            45.801957
          ],
          [
            15.978199,
            45.801837
          ],
          [
            15.978227,
            45.801749
          ],
          [
            15.97839,
            45.801668
          ],
          [
            15.978494,
            45.801608
          ],
          [
            15.978501,
            45.80136
          ],
          [
            15.978553,
            45.800633
          ],
          [
            15.978594,
            45.800082
          ],
          [
            15.978613,
            45.799742
          ],
          [
            15.978561,
            45.799334
          ],
          [
            15.978561,
            45.799334
          ],
          [
            15.978644,
            45.799205
          ],
          [
            15.978903,
            45.794614
          ],
          [
            15.979124,
            45.793954
          ],
          [
            15.979252,
            45.793254
          ],
          [
            15.979407,
            45.791591
          ],
          [
            15.979519,
            45.790972
          ],
          [
            15.979601,
            45.78902
          ],
          [
            15.979688,
            45.787489
          ],
          [
            15.979672,
            45.786564
          ],
          [
            15.979764,
            45.783553
          ],
          [
            15.979883,
            45.78168
          ],
          [
            15.979947,
            45.780393
          ],
          [
            15.979811,
            45.779244
          ],
          [
            15.97984,
            45.777565
          ],
          [
            15.979881,
            45.776703
          ],
          [
            15.9798,
            45.776513
          ],
          [
            15.9798,
            45.776513
          ],
          [
            15.980211,
            45.774866
          ],
          [
            15.980324,
            45.773105
          ],
          [
            15.980448,
            45.771024
          ],
          [
            15.980707,
            45.767341
          ],
          [
            15.980902,
            45.764951
          ],
          [
            15.981017,
            45.763151
          ],
          [
            15.98111,
            45.762333
          ],
          [
            15.981504,
            45.761617
          ],
          [
            15.982285,
            45.761138
          ],
          [
            15.983016,
            45.7609
          ],
          [
            15.983857,
            45.760842
          ],
          [
            15.985534,
            45.760822
          ],
          [
            15.986788,
            45.76072
          ],
          [
            15.9882,
            45.760426
          ],
          [
            15.989329,
            45.759996
          ],
          [
            15.989772,
            45.759448
          ],
          [
            15.989913,
            45.758747
          ],
          [
            15.989107,
            45.753356
          ],
          [
            15.988811,
            45.751839
          ],
          [
            15.988909,
            45.750989
          ],
          [
            15.989518,
            45.750197
          ],
          [
            15.991254,
            45.74891
          ],
          [
            15.995756,
            45.745662
          ],
          [
            15.99949,
            45.742942
          ],
          [
            16.003644,
            45.740015
          ],
          [
            16.005201,
            45.738902
          ],
          [
            16.005939,
            45.739409
          ],
          [
            16.005939,
            45.739409
          ],
          [
            16.007536,
            45.74066
          ],
          [
            16.007542,
            45.74127
          ],
          [
            16.007142,
            45.741591
          ],
          [
            16.006681,
            45.741707
          ],
          [
            16.005973,
            45.741624
          ],
          [
            16.005295,
            45.741316
          ],
          [
            16.004666,
            45.740716
          ],
          [
            16.002397,
            45.73745
          ],
          [
            16.007817,
            45.735695
          ],
          [
            16.00761,
            45.7354
          ],
          [
            16.007607,
            45.735403
          ],
          [
            16.004496,
            45.731621
          ],
          [
            16.004112,
            45.731262
          ],
          [
            16.004109,
            45.73126
          ],
          [
            16.003909,
            45.730898
          ],
          [
            16.00488,
            45.730653
          ],
          [
            16.004074,
            45.729636
          ],
          [
            16.003634,
            45.729178
          ],
          [
            16.003126,
            45.727399
          ],
          [
            16.00339,
            45.726752
          ],
          [
            16.002803,
            45.725848
          ],
          [
            16.002803,
            45.725848
          ],
          [
            16.002667,
            45.725516
          ],
          [
            16.00133,
            45.724197
          ],
          [
            16.000369,
            45.723286
          ],
          [
            15.998681,
            45.720308
          ],
          [
            15.998068,
            45.719725
          ],
          [
            15.99709,
            45.71894
          ],
          [
            15.996336,
            45.717961
          ],
          [
            15.996121,
            45.716083
          ],
          [
            15.996121,
            45.716083
          ],
          [
            15.995973,
            45.714715
          ],
          [
            15.995564,
            45.711495
          ],
          [
            15.995664,
            45.710059
          ],
          [
            15.995368,
            45.709179
          ],
          [
            15.992813,
            45.707296
          ],
          [
            15.992813,
            45.707296
          ],
          [
            15.991753,
            45.706515
          ],
          [
            15.991042,
            45.705953
          ],
          [
            15.990608,
            45.705656
          ],
          [
            15.990345,
            45.70544
          ],
          [
            15.989667,
            45.704859
          ],
          [
            15.989238,
            45.704627
          ],
          [
            15.989238,
            45.704627
          ],
          [
            15.988425,
            45.704364
          ],
          [
            15.988152,
            45.704291
          ],
          [
            15.987885,
            45.704069
          ],
          [
            15.987717,
            45.703813
          ],
          [
            15.987507,
            45.703044
          ],
          [
            15.986887,
            45.701794
          ],
          [
            15.986166,
            45.700518
          ],
          [
            15.984573,
            45.697262
          ],
          [
            15.984573,
            45.697262
          ],
          [
            15.984052,
            45.695985
          ],
          [
            15.98313,
            45.693932
          ],
          [
            15.98185,
            45.691151
          ],
          [
            15.98106,
            45.689503
          ],
          [
            15.98076,
            45.688383
          ],
          [
            15.980223,
            45.686362
          ],
          [
            15.979728,
            45.684302
          ],
          [
            15.979791,
            45.681185
          ],
          [
            15.979886,
            45.677992
          ],
          [
            15.979949,
            45.676932
          ],
          [
            15.978534,
            45.672684
          ],
          [
            15.977213,
            45.67094
          ],
          [
            15.975939,
            45.669327
          ],
          [
            15.975359,
            45.668577
          ],
          [
            15.975105,
            45.667794
          ],
          [
            15.974888,
            45.665047
          ],
          [
            15.974656,
            45.662743
          ],
          [
            15.97423,
            45.660596
          ],
          [
            15.973954,
            45.659194
          ],
          [
            15.973927,
            45.658056
          ],
          [
            15.973716,
            45.657326
          ],
          [
            15.973716,
            45.657326
          ],
          [
            15.973689,
            45.657096
          ],
          [
            15.972737,
            45.656489
          ],
          [
            15.97231,
            45.656308
          ],
          [
            15.97185,
            45.655872
          ],
          [
            15.97176,
            45.655431
          ],
          [
            15.972234,
            45.654625
          ],
          [
            15.972903,
            45.654084
          ],
          [
            15.973164,
            45.653698
          ],
          [
            15.972887,
            45.653347
          ],
          [
            15.972402,
            45.653284
          ],
          [
            15.97214,
            45.65325
          ],
          [
            15.971527,
            45.653432
          ],
          [
            15.971243,
            45.653517
          ],
          [
            15.970508,
            45.653418
          ],
          [
            15.969653,
            45.653284
          ],
          [
            15.969022,
            45.653229
          ],
          [
            15.96784,
            45.652784
          ],
          [
            15.96687,
            45.652484
          ],
          [
            15.96687,
            45.652484
          ],
          [
            15.965515,
            45.652088
          ],
          [
            15.964325,
            45.651722
          ],
          [
            15.963435,
            45.651275
          ],
          [
            15.962924,
            45.650801
          ],
          [
            15.962057,
            45.649747
          ],
          [
            15.961216,
            45.648559
          ],
          [
            15.961034,
            45.647981
          ],
          [
            15.959356,
            45.645794
          ],
          [
            15.959168,
            45.645282
          ],
          [
            15.959464,
            45.644657
          ],
          [
            15.960341,
            45.643633
          ],
          [
            15.960452,
            45.64315
          ],
          [
            15.960399,
            45.642878
          ],
          [
            15.960377,
            45.642525
          ],
          [
            15.960862,
            45.641945
          ],
          [
            15.960994,
            45.641439
          ],
          [
            15.961071,
            45.640598
          ],
          [
            15.961462,
            45.639655
          ],
          [
            15.961529,
            45.639243
          ],
          [
            15.961342,
            45.638964
          ],
          [
            15.961231,
            45.638727
          ],
          [
            15.961442,
            45.637893
          ],
          [
            15.96208,
            45.636967
          ],
          [
            15.962134,
            45.636375
          ],
          [
            15.962083,
            45.635883
          ],
          [
            15.962364,
            45.635292
          ],
          [
            15.962523,
            45.63455
          ],
          [
            15.962472,
            45.63396
          ],
          [
            15.962721,
            45.633173
          ],
          [
            15.962665,
            45.632064
          ],
          [
            15.962492,
            45.631381
          ],
          [
            15.961806,
            45.63036
          ],
          [
            15.961357,
            45.62978
          ],
          [
            15.960996,
            45.628766
          ],
          [
            15.960462,
            45.628075
          ],
          [
            15.960203,
            45.627696
          ],
          [
            15.95911,
            45.627244
          ],
          [
            15.95849,
            45.627123
          ],
          [
            15.95849,
            45.627123
          ],
          [
            15.958684,
            45.627051
          ],
          [
            15.958437,
            45.62676
          ],
          [
            15.958037,
            45.626167
          ],
          [
            15.958101,
            45.624913
          ],
          [
            15.958506,
            45.624201
          ],
          [
            15.958785,
            45.62374
          ],
          [
            15.959011,
            45.623326
          ],
          [
            15.95922,
            45.622622
          ],
          [
            15.959366,
            45.621985
          ],
          [
            15.959576,
            45.621554
          ],
          [
            15.960194,
            45.62089
          ],
          [
            15.960248,
            45.620111
          ],
          [
            15.960248,
            45.620111
          ],
          [
            15.960236,
            45.619379
          ],
          [
            15.96066,
            45.618775
          ],
          [
            15.962544,
            45.618013
          ],
          [
            15.962995,
            45.617087
          ],
          [
            15.96329,
            45.615995
          ],
          [
            15.963533,
            45.615728
          ],
          [
            15.964296,
            45.615278
          ],
          [
            15.964195,
            45.614435
          ],
          [
            15.964175,
            45.613588
          ],
          [
            15.964481,
            45.612715
          ],
          [
            15.965142,
            45.612097
          ],
          [
            15.965413,
            45.611742
          ],
          [
            15.965413,
            45.611742
          ],
          [
            15.965641,
            45.611158
          ],
          [
            15.96612,
            45.610417
          ],
          [
            15.966414,
            45.609552
          ],
          [
            15.966671,
            45.60888
          ],
          [
            15.96701,
            45.608352
          ],
          [
            15.967068,
            45.607864
          ],
          [
            15.966837,
            45.607299
          ],
          [
            15.967096,
            45.606855
          ],
          [
            15.967388,
            45.606671
          ],
          [
            15.967296,
            45.606268
          ],
          [
            15.967296,
            45.606268
          ],
          [
            15.966884,
            45.605125
          ],
          [
            15.966542,
            45.603771
          ],
          [
            15.966374,
            45.603425
          ],
          [
            15.965633,
            45.603483
          ],
          [
            15.963848,
            45.60294
          ],
          [
            15.963202,
            45.603146
          ],
          [
            15.963015,
            45.603056
          ],
          [
            15.963189,
            45.602785
          ],
          [
            15.963849,
            45.602622
          ],
          [
            15.964916,
            45.602441
          ],
          [
            15.964969,
            45.602258
          ],
          [
            15.964495,
            45.602045
          ],
          [
            15.963809,
            45.601427
          ],
          [
            15.963618,
            45.600869
          ],
          [
            15.963632,
            45.599816
          ],
          [
            15.963998,
            45.59924
          ],
          [
            15.964663,
            45.598505
          ],
          [
            15.964663,
            45.598505
          ],
          [
            15.965781,
            45.59772
          ],
          [
            15.966759,
            45.597142
          ],
          [
            15.967659,
            45.596614
          ],
          [
            15.967858,
            45.596249
          ],
          [
            15.967917,
            45.595352
          ],
          [
            15.967711,
            45.594875
          ],
          [
            15.967288,
            45.594609
          ],
          [
            15.966581,
            45.594377
          ],
          [
            15.966169,
            45.594064
          ],
          [
            15.965936,
            45.593811
          ],
          [
            15.965786,
            45.593345
          ],
          [
            15.965721,
            45.592433
          ],
          [
            15.965538,
            45.592082
          ],
          [
            15.965175,
            45.591743
          ],
          [
            15.964638,
            45.591507
          ],
          [
            15.964291,
            45.591185
          ],
          [
            15.964085,
            45.590617
          ],
          [
            15.96415,
            45.590056
          ],
          [
            15.964067,
            45.58936
          ],
          [
            15.963908,
            45.588818
          ],
          [
            15.963653,
            45.588166
          ],
          [
            15.963412,
            45.587842
          ],
          [
            15.962778,
            45.587405
          ],
          [
            15.962778,
            45.587405
          ],
          [
            15.962207,
            45.587095
          ],
          [
            15.961333,
            45.586971
          ],
          [
            15.959041,
            45.58679
          ],
          [
            15.958562,
            45.586707
          ],
          [
            15.956555,
            45.585754
          ],
          [
            15.954996,
            45.58516
          ],
          [
            15.954445,
            45.584782
          ],
          [
            15.953527,
            45.583418
          ],
          [
            15.953181,
            45.583096
          ],
          [
            15.953181,
            45.583096
          ],
          [
            15.952813,
            45.582978
          ],
          [
            15.95131,
            45.582662
          ],
          [
            15.949579,
            45.582261
          ],
          [
            15.948222,
            45.581943
          ],
          [
            15.947223,
            45.581622
          ],
          [
            15.946325,
            45.581286
          ],
          [
            15.945324,
            45.580815
          ],
          [
            15.944322,
            45.58026
          ],
          [
            15.943777,
            45.579856
          ],
          [
            15.943435,
            45.579501
          ],
          [
            15.943335,
            45.579113
          ],
          [
            15.943414,
            45.578518
          ],
          [
            15.943504,
            45.576942
          ],
          [
            15.943567,
            45.57633
          ],
          [
            15.943618,
            45.576186
          ],
          [
            15.943596,
            45.575327
          ],
          [
            15.943596,
            45.575327
          ],
          [
            15.943733,
            45.574516
          ],
          [
            15.943897,
            45.573844
          ],
          [
            15.944192,
            45.573485
          ],
          [
            15.944766,
            45.573172
          ],
          [
            15.9463,
            45.572485
          ],
          [
            15.946515,
            45.572033
          ],
          [
            15.946791,
            45.571657
          ],
          [
            15.946802,
            45.570585
          ],
          [
            15.947404,
            45.569911
          ],
          [
            15.947351,
            45.569633
          ],
          [
            15.946812,
            45.568793
          ],
          [
            15.946527,
            45.568365
          ],
          [
            15.946295,
            45.568021
          ],
          [
            15.945776,
            45.567659
          ],
          [
            15.945371,
            45.567086
          ]
        ]
      },
      "properties": {}
    },
    {
      "type": "Feature",
      "geometry": {
        "type": "LineString",
        "coordinates": [
          [
            15.945472,
            45.567111
          ],
          [
            15.945947,
            45.56783
          ],
          [
            15.946334,
            45.568061
          ],
          [
            15.947444,
            45.569821
          ],
          [
            15.946886,
            45.570509
          ],
          [
            15.946814,
            45.571505
          ],
          [
            15.946607,
            45.571981
          ],
          [
            15.946267,
            45.572509
          ],
          [
            15.944849,
            45.573128
          ],
          [
            15.944044,
            45.573616
          ],
          [
            15.943793,
            45.574267
          ],
          [
            15.943634,
            45.575373
          ],
          [
            15.943634,
            45.575373
          ],
          [
            15.943606,
            45.576376
          ],
          [
            15.943356,
            45.578909
          ],
          [
            15.943418,
            45.579536
          ],
          [
            15.944067,
            45.580075
          ],
          [
            15.945248,
            45.580787
          ],
          [
            15.946653,
            45.581403
          ],
          [
            15.948523,
            45.582018
          ],
          [
            15.952278,
            45.582878
          ],
          [
            15.953388,
            45.583165
          ],
          [
            15.953388,
            45.583165
          ],
          [
            15.953897,
            45.584138
          ],
          [
            15.954504,
            45.584897
          ],
          [
            15.95652,
            45.585733
          ],
          [
            15.958562,
            45.586701
          ],
          [
            15.959176,
            45.586849
          ],
          [
            15.960989,
            45.58694
          ],
          [
            15.962216,
            45.587075
          ],
          [
            15.963007,
            45.587549
          ],
          [
            15.963007,
            45.587549
          ],
          [
            15.963591,
            45.588006
          ],
          [
            15.964111,
            45.589283
          ],
          [
            15.964157,
            45.591087
          ],
          [
            15.964437,
            45.591366
          ],
          [
            15.965097,
            45.59176
          ],
          [
            15.965638,
            45.592192
          ],
          [
            15.965822,
            45.593373
          ],
          [
            15.96588,
            45.5938
          ],
          [
            15.966371,
            45.59425
          ],
          [
            15.96738,
            45.594648
          ],
          [
            15.967878,
            45.595124
          ],
          [
            15.967879,
            45.596039
          ],
          [
            15.967742,
            45.596486
          ],
          [
            15.967053,
            45.59701
          ],
          [
            15.966634,
            45.597218
          ],
          [
            15.965635,
            45.597818
          ],
          [
            15.964623,
            45.598595
          ],
          [
            15.964623,
            45.598595
          ],
          [
            15.963685,
            45.599627
          ],
          [
            15.963546,
            45.600665
          ],
          [
            15.963956,
            45.601575
          ],
          [
            15.96448,
            45.602041
          ],
          [
            15.964971,
            45.602219
          ],
          [
            15.96495,
            45.602332
          ],
          [
            15.964756,
            45.602489
          ],
          [
            15.963592,
            45.602657
          ],
          [
            15.963047,
            45.602889
          ],
          [
            15.96304,
            45.603052
          ],
          [
            15.963205,
            45.603159
          ],
          [
            15.963608,
            45.602941
          ],
          [
            15.964033,
            45.602979
          ],
          [
            15.965441,
            45.603425
          ],
          [
            15.966227,
            45.603465
          ],
          [
            15.966505,
            45.603595
          ],
          [
            15.966686,
            45.604355
          ],
          [
            15.966829,
            45.604984
          ],
          [
            15.96724,
            45.605887
          ],
          [
            15.967374,
            45.606349
          ],
          [
            15.967374,
            45.606349
          ],
          [
            15.967325,
            45.606732
          ],
          [
            15.966976,
            45.607001
          ],
          [
            15.966879,
            45.60717
          ],
          [
            15.966881,
            45.607494
          ],
          [
            15.967005,
            45.607737
          ],
          [
            15.967109,
            45.608047
          ],
          [
            15.966458,
            45.609383
          ],
          [
            15.966284,
            45.610024
          ],
          [
            15.966259,
            45.610209
          ],
          [
            15.96571,
            45.61098
          ],
          [
            15.965425,
            45.611831
          ],
          [
            15.965425,
            45.611831
          ],
          [
            15.965108,
            45.612212
          ],
          [
            15.964582,
            45.612551
          ],
          [
            15.964337,
            45.61304
          ],
          [
            15.964195,
            45.61352
          ],
          [
            15.964253,
            45.61431
          ],
          [
            15.964281,
            45.615234
          ],
          [
            15.964081,
            45.615457
          ],
          [
            15.9635,
            45.615752
          ],
          [
            15.963299,
            45.616065
          ],
          [
            15.963011,
            45.617098
          ],
          [
            15.962544,
            45.618013
          ],
          [
            15.962157,
            45.618236
          ],
          [
            15.961266,
            45.618477
          ],
          [
            15.960586,
            45.618889
          ],
          [
            15.96023,
            45.619406
          ],
          [
            15.960222,
            45.619881
          ],
          [
            15.960222,
            45.619881
          ],
          [
            15.960189,
            45.620911
          ],
          [
            15.959505,
            45.62168
          ],
          [
            15.959123,
            45.62307
          ],
          [
            15.958631,
            45.624125
          ],
          [
            15.95819,
            45.624719
          ],
          [
            15.958034,
            45.625785
          ],
          [
            15.95814,
            45.626426
          ],
          [
            15.958776,
            45.627096
          ],
          [
            15.95849,
            45.627123
          ],
          [
            15.95849,
            45.627123
          ],
          [
            15.957668,
            45.626997
          ],
          [
            15.957224,
            45.626851
          ],
          [
            15.956523,
            45.626917
          ],
          [
            15.955577,
            45.626737
          ],
          [
            15.955096,
            45.626784
          ],
          [
            15.954511,
            45.626976
          ],
          [
            15.953477,
            45.626951
          ],
          [
            15.953039,
            45.626584
          ],
          [
            15.952736,
            45.625912
          ],
          [
            15.952794,
            45.625151
          ],
          [
            15.952602,
            45.623984
          ],
          [
            15.95255,
            45.623394
          ],
          [
            15.952371,
            45.622965
          ],
          [
            15.951816,
            45.62275
          ],
          [
            15.951485,
            45.622258
          ],
          [
            15.95112,
            45.621504
          ],
          [
            15.95096,
            45.62091
          ],
          [
            15.950861,
            45.620573
          ],
          [
            15.950498,
            45.62015
          ],
          [
            15.950498,
            45.62015
          ],
          [
            15.95025,
            45.619892
          ],
          [
            15.949866,
            45.619394
          ],
          [
            15.949725,
            45.619096
          ],
          [
            15.949579,
            45.618091
          ],
          [
            15.949556,
            45.617231
          ],
          [
            15.949513,
            45.616724
          ],
          [
            15.949122,
            45.616201
          ],
          [
            15.948687,
            45.615853
          ],
          [
            15.948513,
            45.615572
          ]
        ]
      },
      "properties": {}
    },
    {
      "type": "Feature",
      "geometry": {
        "type": "LineString",
        "coordinates": [
          [
            15.989238,
            45.704627
          ],
          [
            15.988425,
            45.704364
          ],
          [
            15.988152,
            45.704291
          ],
          [
            15.987885,
            45.704069
          ],
          [
            15.987717,
            45.703813
          ],
          [
            15.987507,
            45.703044
          ],
          [
            15.986887,
            45.701794
          ],
          [
            15.986166,
            45.700518
          ],
          [
            15.984573,
            45.697262
          ],
          [
            15.984573,
            45.697262
          ],
          [
            15.984052,
            45.695985
          ],
          [
            15.98313,
            45.693932
          ],
          [
            15.98185,
            45.691151
          ],
          [
            15.98106,
            45.689503
          ],
          [
            15.98076,
            45.688383
          ],
          [
            15.980223,
            45.686362
          ],
          [
            15.979728,
            45.684302
          ],
          [
            15.979791,
            45.681185
          ],
          [
            15.979886,
            45.677992
          ],
          [
            15.979949,
            45.676932
          ],
          [
            15.978534,
            45.672684
          ],
          [
            15.977213,
            45.67094
          ],
          [
            15.975939,
            45.669327
          ],
          [
            15.975359,
            45.668577
          ],
          [
            15.975105,
            45.667794
          ],
          [
            15.974888,
            45.665047
          ],
          [
            15.974656,
            45.662743
          ],
          [
            15.97423,
            45.660596
          ],
          [
            15.973954,
            45.659194
          ],
          [
            15.973927,
            45.658056
          ],
          [
            15.973716,
            45.657326
          ],
          [
            15.973716,
            45.657326
          ],
          [
            15.973689,
            45.657096
          ],
          [
            15.972737,
            45.656489
          ],
          [
            15.97231,
            45.656308
          ],
          [
            15.97185,
            45.655872
          ],
          [
            15.97176,
            45.655431
          ],
          [
            15.972234,
            45.654625
          ],
          [
            15.972903,
            45.654084
          ],
          [
            15.973164,
            45.653698
          ],
          [
            15.972887,
            45.653347
          ],
          [
            15.972402,
            45.653284
          ],
          [
            15.97214,
            45.65325
          ],
          [
            15.971527,
            45.653432
          ],
          [
            15.971243,
            45.653517
          ],
          [
            15.970508,
            45.653418
          ],
          [
            15.969653,
            45.653284
          ],
          [
            15.969022,
            45.653229
          ],
          [
            15.96784,
            45.652784
          ],
          [
            15.96687,
            45.652484
          ],
          [
            15.96687,
            45.652484
          ],
          [
            15.965515,
            45.652088
          ],
          [
            15.964325,
            45.651722
          ],
          [
            15.963435,
            45.651275
          ],
          [
            15.962924,
            45.650801
          ],
          [
            15.962057,
            45.649747
          ],
          [
            15.961216,
            45.648559
          ],
          [
            15.961034,
            45.647981
          ],
          [
            15.959356,
            45.645794
          ],
          [
            15.959168,
            45.645282
          ],
          [
            15.959464,
            45.644657
          ],
          [
            15.960341,
            45.643633
          ],
          [
            15.960452,
            45.64315
          ],
          [
            15.960399,
            45.642878
          ],
          [
            15.960377,
            45.642525
          ],
          [
            15.960862,
            45.641945
          ],
          [
            15.960994,
            45.641439
          ],
          [
            15.961071,
            45.640598
          ],
          [
            15.961462,
            45.639655
          ],
          [
            15.961529,
            45.639243
          ],
          [
            15.961342,
            45.638964
          ],
          [
            15.961231,
            45.638727
          ],
          [
            15.961442,
            45.637893
          ],
          [
            15.96208,
            45.636967
          ],
          [
            15.962134,
            45.636375
          ],
          [
            15.962083,
            45.635883
          ],
          [
            15.962364,
            45.635292
          ],
          [
            15.962523,
            45.63455
          ],
          [
            15.962472,
            45.63396
          ],
          [
            15.962721,
            45.633173
          ],
          [
            15.962665,
            45.632064
          ],
          [
            15.962492,
            45.631381
          ],
          [
            15.961806,
            45.63036
          ],
          [
            15.961357,
            45.62978
          ],
          [
            15.960996,
            45.628766
          ],
          [
            15.960462,
            45.628075
          ],
          [
            15.960203,
            45.627696
          ],
          [
            15.95911,
            45.627244
          ],
          [
            15.95849,
            45.627123
          ],
          [
            15.95849,
            45.627123
          ],
          [
            15.958684,
            45.627051
          ],
          [
            15.958437,
            45.62676
          ],
          [
            15.958037,
            45.626167
          ],
          [
            15.958101,
            45.624913
          ],
          [
            15.958506,
            45.624201
          ],
          [
            15.958785,
            45.62374
          ],
          [
            15.959011,
            45.623326
          ],
          [
            15.95922,
            45.622622
          ],
          [
            15.959366,
            45.621985
          ],
          [
            15.959576,
            45.621554
          ],
          [
            15.960194,
            45.62089
          ],
          [
            15.960248,
            45.620111
          ],
          [
            15.960248,
            45.620111
          ],
          [
            15.960236,
            45.619379
          ],
          [
            15.96066,
            45.618775
          ],
          [
            15.962544,
            45.618013
          ],
          [
            15.962995,
            45.617087
          ],
          [
            15.96329,
            45.615995
          ],
          [
            15.963533,
            45.615728
          ],
          [
            15.964296,
            45.615278
          ],
          [
            15.964195,
            45.614435
          ],
          [
            15.964175,
            45.613588
          ],
          [
            15.964481,
            45.612715
          ],
          [
            15.965142,
            45.612097
          ],
          [
            15.965413,
            45.611742
          ],
          [
            15.965413,
            45.611742
          ],
          [
            15.965641,
            45.611158
          ],
          [
            15.96612,
            45.610417
          ],
          [
            15.966414,
            45.609552
          ],
          [
            15.966671,
            45.60888
          ],
          [
            15.96701,
            45.608352
          ],
          [
            15.967068,
            45.607864
          ],
          [
            15.966837,
            45.607299
          ],
          [
            15.967096,
            45.606855
          ],
          [
            15.967388,
            45.606671
          ],
          [
            15.967296,
            45.606268
          ],
          [
            15.967296,
            45.606268
          ],
          [
            15.966884,
            45.605125
          ],
          [
            15.966542,
            45.603771
          ],
          [
            15.966374,
            45.603425
          ],
          [
            15.965633,
            45.603483
          ],
          [
            15.963848,
            45.60294
          ],
          [
            15.963202,
            45.603146
          ],
          [
            15.963015,
            45.603056
          ],
          [
            15.963189,
            45.602785
          ],
          [
            15.963849,
            45.602622
          ],
          [
            15.964916,
            45.602441
          ],
          [
            15.964969,
            45.602258
          ],
          [
            15.964495,
            45.602045
          ],
          [
            15.963809,
            45.601427
          ],
          [
            15.963618,
            45.600869
          ],
          [
            15.963632,
            45.599816
          ],
          [
            15.963998,
            45.59924
          ],
          [
            15.964663,
            45.598505
          ],
          [
            15.964663,
            45.598505
          ],
          [
            15.965781,
            45.59772
          ],
          [
            15.966759,
            45.597142
          ],
          [
            15.967659,
            45.596614
          ],
          [
            15.967858,
            45.596249
          ],
          [
            15.967917,
            45.595352
          ],
          [
            15.967711,
            45.594875
          ],
          [
            15.967288,
            45.594609
          ],
          [
            15.966581,
            45.594377
          ],
          [
            15.966169,
            45.594064
          ],
          [
            15.965936,
            45.593811
          ],
          [
            15.965786,
            45.593345
          ],
          [
            15.965721,
            45.592433
          ],
          [
            15.965538,
            45.592082
          ],
          [
            15.965175,
            45.591743
          ],
          [
            15.964638,
            45.591507
          ],
          [
            15.964291,
            45.591185
          ],
          [
            15.964085,
            45.590617
          ],
          [
            15.96415,
            45.590056
          ],
          [
            15.964067,
            45.58936
          ],
          [
            15.963908,
            45.588818
          ],
          [
            15.963653,
            45.588166
          ],
          [
            15.963412,
            45.587842
          ],
          [
            15.962778,
            45.587405
          ],
          [
            15.962778,
            45.587405
          ],
          [
            15.962207,
            45.587095
          ],
          [
            15.961333,
            45.586971
          ],
          [
            15.959041,
            45.58679
          ],
          [
            15.958562,
            45.586707
          ],
          [
            15.956555,
            45.585754
          ],
          [
            15.954996,
            45.58516
          ],
          [
            15.954445,
            45.584782
          ],
          [
            15.953527,
            45.583418
          ],
          [
            15.953181,
            45.583096
          ],
          [
            15.953181,
            45.583096
          ],
          [
            15.952813,
            45.582978
          ],
          [
            15.95131,
            45.582662
          ],
          [
            15.949579,
            45.582261
          ],
          [
            15.948222,
            45.581943
          ],
          [
            15.947223,
            45.581622
          ],
          [
            15.946325,
            45.581286
          ],
          [
            15.945324,
            45.580815
          ],
          [
            15.944322,
            45.58026
          ],
          [
            15.943777,
            45.579856
          ],
          [
            15.943435,
            45.579501
          ],
          [
            15.943335,
            45.579113
          ],
          [
            15.943414,
            45.578518
          ],
          [
            15.943504,
            45.576942
          ],
          [
            15.943567,
            45.57633
          ],
          [
            15.943618,
            45.576186
          ],
          [
            15.943596,
            45.575327
          ],
          [
            15.943596,
            45.575327
          ],
          [
            15.943733,
            45.574516
          ],
          [
            15.943897,
            45.573844
          ],
          [
            15.944192,
            45.573485
          ],
          [
            15.944766,
            45.573172
          ],
          [
            15.9463,
            45.572485
          ],
          [
            15.946515,
            45.572033
          ],
          [
            15.946791,
            45.571657
          ],
          [
            15.946802,
            45.570585
          ],
          [
            15.947404,
            45.569911
          ],
          [
            15.947351,
            45.569633
          ],
          [
            15.946812,
            45.568793
          ],
          [
            15.946527,
            45.568365
          ],
          [
            15.946295,
            45.568021
          ],
          [
            15.945776,
            45.567659
          ],
          [
            15.945371,
            45.567086
          ]
        ]
      },
      "properties": {}
    }
  ]
}